Target,Package,License,Severity
"packages/react-lib/wp-react-lib/package-lock.json","@types/react","MIT","LOW"
"packages/react-lib/wp-react-lib/package-lock.json","immutable","MIT","LOW"
"packages/react-lib/wp-react-lib/package-lock.json","react","MIT","LOW"
"packages/react-lib/wp-react-lib/package-lock.json","react-dom","MIT","LOW"
"packages/react-lib/wp-react-lib/package-lock.json","react-intl","BSD-3-Clause","LOW"
"packages/react-lib/wp-react-lib/package-lock.json","react-redux","MIT","LOW"
"packages/react-lib/wp-react-lib/package-lock.json","semantic-ui-react","MIT","LOW"
"packages/react-lib/wp-react-lib/package-lock.json","typescript","Apache-2.0","LOW"
"packages/react-lib/wp-react-lib/package-lock.json","@babel/runtime","MIT","LOW"
"packages/react-lib/wp-react-lib/package-lock.json","@fluentui/react-component-event-listener","MIT","LOW"
"packages/react-lib/wp-react-lib/package-lock.json","@formatjs/ecma402-abstract","MIT","LOW"
"packages/react-lib/wp-react-lib/package-lock.json","@formatjs/fast-memoize","MIT","LOW"
"packages/react-lib/wp-react-lib/package-lock.json","@formatjs/icu-messageformat-parser","MIT","LOW"
"packages/react-lib/wp-react-lib/package-lock.json","@formatjs/icu-skeleton-parser","MIT","LOW"
"packages/react-lib/wp-react-lib/package-lock.json","@formatjs/intl","MIT","LOW"
"packages/react-lib/wp-react-lib/package-lock.json","@formatjs/intl-localematcher","MIT","LOW"
"packages/react-lib/wp-react-lib/package-lock.json","@popperjs/core","MIT","LOW"
"packages/react-lib/wp-react-lib/package-lock.json","@semantic-ui-react/event-stack","MIT","LOW"
"packages/react-lib/wp-react-lib/package-lock.json","@types/hoist-non-react-statics","MIT","LOW"
"packages/react-lib/wp-react-lib/package-lock.json","@types/prop-types","MIT","LOW"
"packages/react-lib/wp-react-lib/package-lock.json","@types/use-sync-external-store","MIT","LOW"
"packages/react-lib/wp-react-lib/package-lock.json","clsx","MIT","LOW"
"packages/react-lib/wp-react-lib/package-lock.json","csstype","MIT","LOW"
"packages/react-lib/wp-react-lib/package-lock.json","decimal.js","MIT","LOW"
"packages/react-lib/wp-react-lib/package-lock.json","exenv","BSD-3-Clause","LOW"
"packages/react-lib/wp-react-lib/package-lock.json","hoist-non-react-statics","BSD-3-Clause","LOW"
"packages/react-lib/wp-react-lib/package-lock.json","intl-messageformat","BSD-3-Clause","LOW"
"packages/react-lib/wp-react-lib/package-lock.json","js-tokens","MIT","LOW"
"packages/react-lib/wp-react-lib/package-lock.json","keyboard-key","MIT","LOW"
"packages/react-lib/wp-react-lib/package-lock.json","lodash","MIT","LOW"
"packages/react-lib/wp-react-lib/package-lock.json","lodash-es","MIT","LOW"
"packages/react-lib/wp-react-lib/package-lock.json","loose-envify","MIT","LOW"
"packages/react-lib/wp-react-lib/package-lock.json","object-assign","MIT","LOW"
"packages/react-lib/wp-react-lib/package-lock.json","prop-types","MIT","LOW"
"packages/react-lib/wp-react-lib/package-lock.json","react-fast-compare","MIT","LOW"
"packages/react-lib/wp-react-lib/package-lock.json","react-is","MIT","LOW"
"packages/react-lib/wp-react-lib/package-lock.json","react-popper","MIT","LOW"
"packages/react-lib/wp-react-lib/package-lock.json","regenerator-runtime","MIT","LOW"
"packages/react-lib/wp-react-lib/package-lock.json","scheduler","MIT","LOW"
"packages/react-lib/wp-react-lib/package-lock.json","shallowequal","MIT","LOW"
"packages/react-lib/wp-react-lib/package-lock.json","tslib","0BSD","LOW"
"packages/react-lib/wp-react-lib/package-lock.json","use-sync-external-store","MIT","LOW"
"packages/react-lib/wp-react-lib/package-lock.json","warning","MIT","LOW"
"pnpm-lock.yaml","@artsy/fresnel","MIT","LOW"
"pnpm-lock.yaml","@nivo/bar","MIT","LOW"
"pnpm-lock.yaml","@nivo/bump","MIT","LOW"
"pnpm-lock.yaml","@nivo/colors","MIT","LOW"
"pnpm-lock.yaml","@nivo/core","MIT","LOW"
"pnpm-lock.yaml","@nivo/line","MIT","LOW"
"pnpm-lock.yaml","@nivo/pie","MIT","LOW"
"pnpm-lock.yaml","@nivo/radar","MIT","LOW"
"pnpm-lock.yaml","@nivo/sankey","MIT","LOW"
"pnpm-lock.yaml","@nivo/sunburst","MIT","LOW"
"pnpm-lock.yaml","@nivo/theming","MIT","LOW"
"pnpm-lock.yaml","@react-router/node","MIT","LOW"
"pnpm-lock.yaml","@react-router/serve","MIT","LOW"
"pnpm-lock.yaml","@react-spring/parallax","MIT","LOW"
"pnpm-lock.yaml","@react-spring/web","MIT","LOW"
"pnpm-lock.yaml","@reduxjs/toolkit","MIT","LOW"
"pnpm-lock.yaml","@superset-ui/embedded-sdk","Apache-2.0","LOW"
"pnpm-lock.yaml","@types/d3-shape","MIT","LOW"
"pnpm-lock.yaml","@types/react","MIT","LOW"
"pnpm-lock.yaml","clsx","MIT","LOW"
"pnpm-lock.yaml","d3","ISC","LOW"
"pnpm-lock.yaml","d3-shape","ISC","LOW"
"pnpm-lock.yaml","date-fns","MIT","LOW"
"pnpm-lock.yaml","dompurify","(MPL-2.0 OR Apache-2.0)","LOW"
"pnpm-lock.yaml","dotenv","BSD-2-Clause","LOW"
"pnpm-lock.yaml","dotenv-expand","BSD-2-Clause","LOW"
"pnpm-lock.yaml","file-saver","MIT","LOW"
"pnpm-lock.yaml","geostats","MIT","LOW"
"pnpm-lock.yaml","history","MIT","LOW"
"pnpm-lock.yaml","html-entities","MIT","LOW"
"pnpm-lock.yaml","html-react-parser","MIT","LOW"
"pnpm-lock.yaml","immutable","MIT","LOW"
"pnpm-lock.yaml","isbot","Unlicense","LOW"
"pnpm-lock.yaml","lodash","MIT","LOW"
"pnpm-lock.yaml","lodash.isequal","MIT","LOW"
"pnpm-lock.yaml","papaparse","MIT","LOW"
"pnpm-lock.yaml","prop-types","MIT","LOW"
"pnpm-lock.yaml","pure-react-carousel","MIT","LOW"
"pnpm-lock.yaml","query-string","MIT","LOW"
"pnpm-lock.yaml","react","MIT","LOW"
"pnpm-lock.yaml","react-dom","MIT","LOW"
"pnpm-lock.yaml","react-dropzone","MIT","LOW"
"pnpm-lock.yaml","react-ga4","MIT","LOW"
"pnpm-lock.yaml","react-helmet-async","Apache-2.0","LOW"
"pnpm-lock.yaml","react-intersection-observer","MIT","LOW"
"pnpm-lock.yaml","react-intl","BSD-3-Clause","LOW"
"pnpm-lock.yaml","react-is","MIT","LOW"
"pnpm-lock.yaml","react-markdown","MIT","LOW"
"pnpm-lock.yaml","react-redux","MIT","LOW"
"pnpm-lock.yaml","react-router","MIT","LOW"
"pnpm-lock.yaml","redux","MIT","LOW"
"pnpm-lock.yaml","redux-thunk","MIT","LOW"
"pnpm-lock.yaml","rehype-raw","MIT","LOW"
"pnpm-lock.yaml","remark-gfm","MIT","LOW"
"pnpm-lock.yaml","semantic-ui-css","MIT","LOW"
"pnpm-lock.yaml","semantic-ui-react","MIT","LOW"
"pnpm-lock.yaml","string-template","MIT","LOW"
"pnpm-lock.yaml","topojson-client","ISC","LOW"
"pnpm-lock.yaml","typescript","Apache-2.0","LOW"
"pnpm-lock.yaml","uuid","MIT","LOW"
"pnpm-lock.yaml","@babel/runtime","MIT","LOW"
"pnpm-lock.yaml","@fluentui/react-component-event-listener","MIT","LOW"
"pnpm-lock.yaml","@formatjs/ecma402-abstract","MIT","LOW"
"pnpm-lock.yaml","@formatjs/fast-memoize","MIT","LOW"
"pnpm-lock.yaml","@formatjs/icu-messageformat-parser","MIT","LOW"
"pnpm-lock.yaml","@formatjs/icu-skeleton-parser","MIT","LOW"
"pnpm-lock.yaml","@formatjs/intl","MIT","LOW"
"pnpm-lock.yaml","@formatjs/intl-localematcher","MIT","LOW"
"pnpm-lock.yaml","@mjackson/node-fetch-server","MIT","LOW"
"pnpm-lock.yaml","@nivo/annotations","MIT","LOW"
"pnpm-lock.yaml","@nivo/arcs","MIT","LOW"
"pnpm-lock.yaml","@nivo/axes","MIT","LOW"
"pnpm-lock.yaml","@nivo/canvas","MIT","LOW"
"pnpm-lock.yaml","@nivo/legends","MIT","LOW"
"pnpm-lock.yaml","@nivo/scales","MIT","LOW"
"pnpm-lock.yaml","@nivo/text","MIT","LOW"
"pnpm-lock.yaml","@nivo/tooltip","MIT","LOW"
"pnpm-lock.yaml","@nivo/voronoi","MIT","LOW"
"pnpm-lock.yaml","@popperjs/core","MIT","LOW"
"pnpm-lock.yaml","@react-router/express","MIT","LOW"
"pnpm-lock.yaml","@react-spring/animated","MIT","LOW"
"pnpm-lock.yaml","@react-spring/animated","MIT","LOW"
"pnpm-lock.yaml","@react-spring/core","MIT","LOW"
"pnpm-lock.yaml","@react-spring/core","MIT","LOW"
"pnpm-lock.yaml","@react-spring/rafz","MIT","LOW"
"pnpm-lock.yaml","@react-spring/rafz","MIT","LOW"
"pnpm-lock.yaml","@react-spring/shared","MIT","LOW"
"pnpm-lock.yaml","@react-spring/shared","MIT","LOW"
"pnpm-lock.yaml","@react-spring/types","MIT","LOW"
"pnpm-lock.yaml","@react-spring/types","MIT","LOW"
"pnpm-lock.yaml","@react-spring/web","MIT","LOW"
"pnpm-lock.yaml","@semantic-ui-react/event-stack","MIT","LOW"
"pnpm-lock.yaml","@standard-schema/spec","MIT","LOW"
"pnpm-lock.yaml","@standard-schema/utils","MIT","LOW"
"pnpm-lock.yaml","@superset-ui/switchboard","Apache-2.0","LOW"
"pnpm-lock.yaml","@types/d3-color","MIT","LOW"
"pnpm-lock.yaml","@types/d3-delaunay","MIT","LOW"
"pnpm-lock.yaml","@types/d3-format","MIT","LOW"
"pnpm-lock.yaml","@types/d3-hierarchy","MIT","LOW"
"pnpm-lock.yaml","@types/d3-interpolate","MIT","LOW"
"pnpm-lock.yaml","@types/d3-path","MIT","LOW"
"pnpm-lock.yaml","@types/d3-path","MIT","LOW"
"pnpm-lock.yaml","@types/d3-sankey","MIT","LOW"
"pnpm-lock.yaml","@types/d3-scale","MIT","LOW"
"pnpm-lock.yaml","@types/d3-scale-chromatic","MIT","LOW"
"pnpm-lock.yaml","@types/d3-shape","MIT","LOW"
"pnpm-lock.yaml","@types/d3-time","MIT","LOW"
"pnpm-lock.yaml","@types/d3-time","MIT","LOW"
"pnpm-lock.yaml","@types/d3-time-format","MIT","LOW"
"pnpm-lock.yaml","@types/d3-time-format","MIT","LOW"
"pnpm-lock.yaml","@types/debug","MIT","LOW"
"pnpm-lock.yaml","@types/estree","MIT","LOW"
"pnpm-lock.yaml","@types/estree-jsx","MIT","LOW"
"pnpm-lock.yaml","@types/hast","MIT","LOW"
"pnpm-lock.yaml","@types/hoist-non-react-statics","MIT","LOW"
"pnpm-lock.yaml","@types/mdast","MIT","LOW"
"pnpm-lock.yaml","@types/ms","MIT","LOW"
"pnpm-lock.yaml","@types/prop-types","MIT","LOW"
"pnpm-lock.yaml","@types/trusted-types","MIT","LOW"
"pnpm-lock.yaml","@types/unist","MIT","LOW"
"pnpm-lock.yaml","@types/unist","MIT","LOW"
"pnpm-lock.yaml","@types/use-sync-external-store","MIT","LOW"
"pnpm-lock.yaml","@ungap/structured-clone","ISC","LOW"
"pnpm-lock.yaml","accepts","MIT","LOW"
"pnpm-lock.yaml","array-flatten","MIT","LOW"
"pnpm-lock.yaml","attr-accept","MIT","LOW"
"pnpm-lock.yaml","bail","MIT","LOW"
"pnpm-lock.yaml","basic-auth","MIT","LOW"
"pnpm-lock.yaml","body-parser","MIT","LOW"
"pnpm-lock.yaml","buffer-from","MIT","LOW"
"pnpm-lock.yaml","bytes","MIT","LOW"
"pnpm-lock.yaml","call-bind-apply-helpers","MIT","LOW"
"pnpm-lock.yaml","call-bound","MIT","LOW"
"pnpm-lock.yaml","ccount","MIT","LOW"
"pnpm-lock.yaml","character-entities","MIT","LOW"
"pnpm-lock.yaml","character-entities-html4","MIT","LOW"
"pnpm-lock.yaml","character-entities-legacy","MIT","LOW"
"pnpm-lock.yaml","character-reference-invalid","MIT","LOW"
"pnpm-lock.yaml","clsx","MIT","LOW"
"pnpm-lock.yaml","comma-separated-tokens","MIT","LOW"
"pnpm-lock.yaml","commander","MIT","LOW"
"pnpm-lock.yaml","commander","MIT","LOW"
"pnpm-lock.yaml","compressible","MIT","LOW"
"pnpm-lock.yaml","compression","MIT","LOW"
"pnpm-lock.yaml","content-disposition","MIT","LOW"
"pnpm-lock.yaml","content-type","MIT","LOW"
"pnpm-lock.yaml","cookie","MIT","LOW"
"pnpm-lock.yaml","cookie","MIT","LOW"
"pnpm-lock.yaml","cookie-signature","MIT","LOW"
"pnpm-lock.yaml","csstype","MIT","LOW"
"pnpm-lock.yaml","d3-array","BSD-3-Clause","LOW"
"pnpm-lock.yaml","d3-array","ISC","LOW"
"pnpm-lock.yaml","d3-axis","ISC","LOW"
"pnpm-lock.yaml","d3-brush","ISC","LOW"
"pnpm-lock.yaml","d3-chord","ISC","LOW"
"pnpm-lock.yaml","d3-color","ISC","LOW"
"pnpm-lock.yaml","d3-contour","ISC","LOW"
"pnpm-lock.yaml","d3-delaunay","ISC","LOW"
"pnpm-lock.yaml","d3-dispatch","ISC","LOW"
"pnpm-lock.yaml","d3-drag","ISC","LOW"
"pnpm-lock.yaml","d3-dsv","ISC","LOW"
"pnpm-lock.yaml","d3-ease","BSD-3-Clause","LOW"
"pnpm-lock.yaml","d3-fetch","ISC","LOW"
"pnpm-lock.yaml","d3-force","ISC","LOW"
"pnpm-lock.yaml","d3-format","BSD-3-Clause","LOW"
"pnpm-lock.yaml","d3-format","ISC","LOW"
"pnpm-lock.yaml","d3-geo","ISC","LOW"
"pnpm-lock.yaml","d3-hierarchy","ISC","LOW"
"pnpm-lock.yaml","d3-interpolate","ISC","LOW"
"pnpm-lock.yaml","d3-path","BSD-3-Clause","LOW"
"pnpm-lock.yaml","d3-path","ISC","LOW"
"pnpm-lock.yaml","d3-polygon","ISC","LOW"
"pnpm-lock.yaml","d3-quadtree","ISC","LOW"
"pnpm-lock.yaml","d3-random","ISC","LOW"
"pnpm-lock.yaml","d3-sankey","BSD-3-Clause","LOW"
"pnpm-lock.yaml","d3-scale","ISC","LOW"
"pnpm-lock.yaml","d3-scale-chromatic","ISC","LOW"
"pnpm-lock.yaml","d3-selection","ISC","LOW"
"pnpm-lock.yaml","d3-shape","BSD-3-Clause","LOW"
"pnpm-lock.yaml","d3-time","BSD-3-Clause","LOW"
"pnpm-lock.yaml","d3-time","BSD-3-Clause","LOW"
"pnpm-lock.yaml","d3-time","ISC","LOW"
"pnpm-lock.yaml","d3-time-format","BSD-3-Clause","LOW"
"pnpm-lock.yaml","d3-time-format","ISC","LOW"
"pnpm-lock.yaml","d3-timer","ISC","LOW"
"pnpm-lock.yaml","d3-transition","ISC","LOW"
"pnpm-lock.yaml","d3-zoom","ISC","LOW"
"pnpm-lock.yaml","debug","MIT","LOW"
"pnpm-lock.yaml","debug","MIT","LOW"
"pnpm-lock.yaml","decimal.js","MIT","LOW"
"pnpm-lock.yaml","decode-named-character-reference","MIT","LOW"
"pnpm-lock.yaml","decode-uri-component","MIT","LOW"
"pnpm-lock.yaml","deep-freeze","public domain","UNKNOWN"
"pnpm-lock.yaml","deepmerge","MIT","LOW"
"pnpm-lock.yaml","delaunator","ISC","LOW"
"pnpm-lock.yaml","depd","MIT","LOW"
"pnpm-lock.yaml","dequal","MIT","LOW"
"pnpm-lock.yaml","destroy","MIT","LOW"
"pnpm-lock.yaml","devlop","MIT","LOW"
"pnpm-lock.yaml","dom-serializer","MIT","LOW"
"pnpm-lock.yaml","domelementtype","BSD-2-Clause","LOW"
"pnpm-lock.yaml","domhandler","BSD-2-Clause","LOW"
"pnpm-lock.yaml","domutils","BSD-2-Clause","LOW"
"pnpm-lock.yaml","dotenv","BSD-2-Clause","LOW"
"pnpm-lock.yaml","dunder-proto","MIT","LOW"
"pnpm-lock.yaml","ee-first","MIT","LOW"
"pnpm-lock.yaml","encodeurl","MIT","LOW"
"pnpm-lock.yaml","encodeurl","MIT","LOW"
"pnpm-lock.yaml","entities","BSD-2-Clause","LOW"
"pnpm-lock.yaml","entities","BSD-2-Clause","LOW"
"pnpm-lock.yaml","equals","MIT","LOW"
"pnpm-lock.yaml","es-define-property","MIT","LOW"
"pnpm-lock.yaml","es-errors","MIT","LOW"
"pnpm-lock.yaml","es-object-atoms","MIT","LOW"
"pnpm-lock.yaml","escape-html","MIT","LOW"
"pnpm-lock.yaml","escape-string-regexp","MIT","LOW"
"pnpm-lock.yaml","estree-util-is-identifier-name","MIT","LOW"
"pnpm-lock.yaml","etag","MIT","LOW"
"pnpm-lock.yaml","exenv","BSD-3-Clause","LOW"
"pnpm-lock.yaml","express","MIT","LOW"
"pnpm-lock.yaml","extend","MIT","LOW"
"pnpm-lock.yaml","file-selector","MIT","LOW"
"pnpm-lock.yaml","filter-obj","MIT","LOW"
"pnpm-lock.yaml","finalhandler","MIT","LOW"
"pnpm-lock.yaml","forwarded","MIT","LOW"
"pnpm-lock.yaml","fresh","MIT","LOW"
"pnpm-lock.yaml","function-bind","MIT","LOW"
"pnpm-lock.yaml","get-intrinsic","MIT","LOW"
"pnpm-lock.yaml","get-port","MIT","LOW"
"pnpm-lock.yaml","get-proto","MIT","LOW"
"pnpm-lock.yaml","gopd","MIT","LOW"
"pnpm-lock.yaml","has-symbols","MIT","LOW"
"pnpm-lock.yaml","hasown","MIT","LOW"
"pnpm-lock.yaml","hast-util-from-parse5","MIT","LOW"
"pnpm-lock.yaml","hast-util-parse-selector","MIT","LOW"
"pnpm-lock.yaml","hast-util-raw","MIT","LOW"
"pnpm-lock.yaml","hast-util-to-jsx-runtime","MIT","LOW"
"pnpm-lock.yaml","hast-util-to-parse5","MIT","LOW"
"pnpm-lock.yaml","hast-util-whitespace","MIT","LOW"
"pnpm-lock.yaml","hastscript","MIT","LOW"
"pnpm-lock.yaml","hoist-non-react-statics","BSD-3-Clause","LOW"
"pnpm-lock.yaml","html-dom-parser","MIT","LOW"
"pnpm-lock.yaml","html-url-attributes","MIT","LOW"
"pnpm-lock.yaml","html-void-elements","MIT","LOW"
"pnpm-lock.yaml","htmlparser2","MIT","LOW"
"pnpm-lock.yaml","http-errors","MIT","LOW"
"pnpm-lock.yaml","iconv-lite","MIT","LOW"
"pnpm-lock.yaml","iconv-lite","MIT","LOW"
"pnpm-lock.yaml","immer","MIT","LOW"
"pnpm-lock.yaml","inherits","ISC","LOW"
"pnpm-lock.yaml","inline-style-parser","MIT","LOW"
"pnpm-lock.yaml","internmap","ISC","LOW"
"pnpm-lock.yaml","internmap","ISC","LOW"
"pnpm-lock.yaml","intl-messageformat","BSD-3-Clause","LOW"
"pnpm-lock.yaml","invariant","MIT","LOW"
"pnpm-lock.yaml","ipaddr.js","MIT","LOW"
"pnpm-lock.yaml","is-alphabetical","MIT","LOW"
"pnpm-lock.yaml","is-alphanumerical","MIT","LOW"
"pnpm-lock.yaml","is-decimal","MIT","LOW"
"pnpm-lock.yaml","is-hexadecimal","MIT","LOW"
"pnpm-lock.yaml","is-plain-obj","MIT","LOW"
"pnpm-lock.yaml","jkroso-type","MIT","LOW"
"pnpm-lock.yaml","jquery","MIT","LOW"
"pnpm-lock.yaml","js-tokens","MIT","LOW"
"pnpm-lock.yaml","jwt-decode","MIT","LOW"
"pnpm-lock.yaml","keyboard-key","MIT","LOW"
"pnpm-lock.yaml","lodash-es","MIT","LOW"
"pnpm-lock.yaml","longest-streak","MIT","LOW"
"pnpm-lock.yaml","loose-envify","MIT","LOW"
"pnpm-lock.yaml","markdown-table","MIT","LOW"
"pnpm-lock.yaml","math-intrinsics","MIT","LOW"
"pnpm-lock.yaml","mdast-util-find-and-replace","MIT","LOW"
"pnpm-lock.yaml","mdast-util-from-markdown","MIT","LOW"
"pnpm-lock.yaml","mdast-util-gfm","MIT","LOW"
"pnpm-lock.yaml","mdast-util-gfm-autolink-literal","MIT","LOW"
"pnpm-lock.yaml","mdast-util-gfm-footnote","MIT","LOW"
"pnpm-lock.yaml","mdast-util-gfm-strikethrough","MIT","LOW"
"pnpm-lock.yaml","mdast-util-gfm-table","MIT","LOW"
"pnpm-lock.yaml","mdast-util-gfm-task-list-item","MIT","LOW"
"pnpm-lock.yaml","mdast-util-mdx-expression","MIT","LOW"
"pnpm-lock.yaml","mdast-util-mdx-jsx","MIT","LOW"
"pnpm-lock.yaml","mdast-util-mdxjs-esm","MIT","LOW"
"pnpm-lock.yaml","mdast-util-phrasing","MIT","LOW"
"pnpm-lock.yaml","mdast-util-to-hast","MIT","LOW"
"pnpm-lock.yaml","mdast-util-to-markdown","MIT","LOW"
"pnpm-lock.yaml","mdast-util-to-string","MIT","LOW"
"pnpm-lock.yaml","media-typer","MIT","LOW"
"pnpm-lock.yaml","merge-descriptors","MIT","LOW"
"pnpm-lock.yaml","methods","MIT","LOW"
"pnpm-lock.yaml","micromark","MIT","LOW"
"pnpm-lock.yaml","micromark-core-commonmark","MIT","LOW"
"pnpm-lock.yaml","micromark-extension-gfm","MIT","LOW"
"pnpm-lock.yaml","micromark-extension-gfm-autolink-literal","MIT","LOW"
"pnpm-lock.yaml","micromark-extension-gfm-footnote","MIT","LOW"
"pnpm-lock.yaml","micromark-extension-gfm-strikethrough","MIT","LOW"
"pnpm-lock.yaml","micromark-extension-gfm-table","MIT","LOW"
"pnpm-lock.yaml","micromark-extension-gfm-tagfilter","MIT","LOW"
"pnpm-lock.yaml","micromark-extension-gfm-task-list-item","MIT","LOW"
"pnpm-lock.yaml","micromark-factory-destination","MIT","LOW"
"pnpm-lock.yaml","micromark-factory-label","MIT","LOW"
"pnpm-lock.yaml","micromark-factory-space","MIT","LOW"
"pnpm-lock.yaml","micromark-factory-title","MIT","LOW"
"pnpm-lock.yaml","micromark-factory-whitespace","MIT","LOW"
"pnpm-lock.yaml","micromark-util-character","MIT","LOW"
"pnpm-lock.yaml","micromark-util-chunked","MIT","LOW"
"pnpm-lock.yaml","micromark-util-classify-character","MIT","LOW"
"pnpm-lock.yaml","micromark-util-combine-extensions","MIT","LOW"
"pnpm-lock.yaml","micromark-util-decode-numeric-character-reference","MIT","LOW"
"pnpm-lock.yaml","micromark-util-decode-string","MIT","LOW"
"pnpm-lock.yaml","micromark-util-encode","MIT","LOW"
"pnpm-lock.yaml","micromark-util-html-tag-name","MIT","LOW"
"pnpm-lock.yaml","micromark-util-normalize-identifier","MIT","LOW"
"pnpm-lock.yaml","micromark-util-resolve-all","MIT","LOW"
"pnpm-lock.yaml","micromark-util-sanitize-uri","MIT","LOW"
"pnpm-lock.yaml","micromark-util-subtokenize","MIT","LOW"
"pnpm-lock.yaml","micromark-util-symbol","MIT","LOW"
"pnpm-lock.yaml","micromark-util-types","MIT","LOW"
"pnpm-lock.yaml","mime","MIT","LOW"
"pnpm-lock.yaml","mime-db","MIT","LOW"
"pnpm-lock.yaml","mime-db","MIT","LOW"
"pnpm-lock.yaml","mime-types","MIT","LOW"
"pnpm-lock.yaml","morgan","MIT","LOW"
"pnpm-lock.yaml","ms","MIT","LOW"
"pnpm-lock.yaml","ms","MIT","LOW"
"pnpm-lock.yaml","negotiator","MIT","LOW"
"pnpm-lock.yaml","negotiator","MIT","LOW"
"pnpm-lock.yaml","object-assign","MIT","LOW"
"pnpm-lock.yaml","object-inspect","MIT","LOW"
"pnpm-lock.yaml","on-finished","MIT","LOW"
"pnpm-lock.yaml","on-finished","MIT","LOW"
"pnpm-lock.yaml","on-headers","MIT","LOW"
"pnpm-lock.yaml","parse-entities","MIT","LOW"
"pnpm-lock.yaml","parse5","MIT","LOW"
"pnpm-lock.yaml","parseurl","MIT","LOW"
"pnpm-lock.yaml","path-to-regexp","MIT","LOW"
"pnpm-lock.yaml","property-information","MIT","LOW"
"pnpm-lock.yaml","property-information","MIT","LOW"
"pnpm-lock.yaml","proxy-addr","MIT","LOW"
"pnpm-lock.yaml","qs","BSD-3-Clause","LOW"
"pnpm-lock.yaml","range-parser","MIT","LOW"
"pnpm-lock.yaml","raw-body","MIT","LOW"
"pnpm-lock.yaml","react-fast-compare","MIT","LOW"
"pnpm-lock.yaml","react-is","MIT","LOW"
"pnpm-lock.yaml","react-popper","MIT","LOW"
"pnpm-lock.yaml","react-property","MIT","LOW"
"pnpm-lock.yaml","remark-parse","MIT","LOW"
"pnpm-lock.yaml","remark-rehype","MIT","LOW"
"pnpm-lock.yaml","remark-stringify","MIT","LOW"
"pnpm-lock.yaml","reselect","MIT","LOW"
"pnpm-lock.yaml","robust-predicates","Unlicense","LOW"
"pnpm-lock.yaml","rw","BSD-3-Clause","LOW"
"pnpm-lock.yaml","safe-buffer","MIT","LOW"
"pnpm-lock.yaml","safe-buffer","MIT","LOW"
"pnpm-lock.yaml","safer-buffer","MIT","LOW"
"pnpm-lock.yaml","scheduler","MIT","LOW"
"pnpm-lock.yaml","send","MIT","LOW"
"pnpm-lock.yaml","serve-static","MIT","LOW"
"pnpm-lock.yaml","set-cookie-parser","MIT","LOW"
"pnpm-lock.yaml","setprototypeof","ISC","LOW"
"pnpm-lock.yaml","shallowequal","MIT","LOW"
"pnpm-lock.yaml","side-channel","MIT","LOW"
"pnpm-lock.yaml","side-channel-list","MIT","LOW"
"pnpm-lock.yaml","side-channel-map","MIT","LOW"
"pnpm-lock.yaml","side-channel-weakmap","MIT","LOW"
"pnpm-lock.yaml","source-map","BSD-3-Clause","LOW"
"pnpm-lock.yaml","source-map-support","MIT","LOW"
"pnpm-lock.yaml","space-separated-tokens","MIT","LOW"
"pnpm-lock.yaml","split-on-first","MIT","LOW"
"pnpm-lock.yaml","statuses","MIT","LOW"
"pnpm-lock.yaml","stringify-entities","MIT","LOW"
"pnpm-lock.yaml","style-to-js","MIT","LOW"
"pnpm-lock.yaml","style-to-js","MIT","LOW"
"pnpm-lock.yaml","style-to-object","MIT","LOW"
"pnpm-lock.yaml","style-to-object","MIT","LOW"
"pnpm-lock.yaml","toidentifier","MIT","LOW"
"pnpm-lock.yaml","trim-lines","MIT","LOW"
"pnpm-lock.yaml","trough","MIT","LOW"
"pnpm-lock.yaml","tslib","0BSD","LOW"
"pnpm-lock.yaml","type-is","MIT","LOW"
"pnpm-lock.yaml","unified","MIT","LOW"
"pnpm-lock.yaml","unist-util-is","MIT","LOW"
"pnpm-lock.yaml","unist-util-position","MIT","LOW"
"pnpm-lock.yaml","unist-util-stringify-position","MIT","LOW"
"pnpm-lock.yaml","unist-util-visit","MIT","LOW"
"pnpm-lock.yaml","unist-util-visit-parents","MIT","LOW"
"pnpm-lock.yaml","unpipe","MIT","LOW"
"pnpm-lock.yaml","use-sync-external-store","MIT","LOW"
"pnpm-lock.yaml","utils-merge","MIT","LOW"
"pnpm-lock.yaml","vary","MIT","LOW"
"pnpm-lock.yaml","vfile","MIT","LOW"
"pnpm-lock.yaml","vfile-location","MIT","LOW"
"pnpm-lock.yaml","vfile-message","MIT","LOW"
"pnpm-lock.yaml","warning","MIT","LOW"
"pnpm-lock.yaml","web-namespaces","MIT","LOW"
"pnpm-lock.yaml","zwitch","MIT","LOW"

